company_number,company_name,jurisdiction,avg_flowscope_score,max_flowscope_score,anomaly_weeks,total_weeks,normalized_flowscope,anomaly_severity,risk_score,confidence_score,risk_category
38233952,Wong Group,Somalia,514276031251.11346,44227713687500.36,73,86,1.0,44227738687591.164,0.9395348837209302,0.15116279069767447,High
19559377,Buck-Blake,United States,496291599439.28265,44169827350000.96,71,89,0.9986911749970074,44169952350089.164,0.9183167332994093,0.202247191011236,High
16741057,"Lawrence, Jones and Cooper",Liberia,473700881783.9232,40738213333334.57,74,86,0.9211014980602086,40738275833412.91,0.896847302340522,0.13953488372093026,High
26854324,"Solis, Craig and Parker",United Kingdom,438111560078.5567,37677569166667.17,76,86,0.8518995449976337,37677594166752.61,0.8646281325775521,0.11627906976744184,High
63118905,"Sparks, Morgan and Wyatt",North Korea,440272988414.0132,39184283468751.43,74,89,0.8859667435132578,39184295968842.4,0.8641642285029455,0.1685393258426966,High
89755728,"Cantrell, Odom and Ruiz",Australia,392320411133.8823,37662696968750.55,84,96,0.8515632807715037,37662759468848.28,0.860938341178665,0.125,High
50322300,"Roman, Nichols and Murphy",United Kingdom,442978008579.59143,37653093229167.51,69,85,0.8513461377455066,37653130729259.0,0.8355137116625999,0.18823529411764706,High
35983382,"Suarez, Singh and Davenport",Australia,427429116545.19165,36331437406250.305,72,85,0.8214631591168661,36331474906337.43,0.8317015783008388,0.15294117647058825,High
3925690,Greene-Johnson,Germany,355003166896.71686,32305213187500.47,87,91,0.7304291923330998,32305288187599.83,0.8206756109732574,0.04395604395604391,High
85118385,Rogers Ltd,Sudan,387179153559.1447,34458932166667.383,78,89,0.7791253332727929,34458944666759.75,0.8180369346057592,0.1235955056179775,High
48097394,"Williams, Lewis and Rodriguez",United States,400786272893.48834,34467594468750.688,75,86,0.7793211901543968,34467619468836.125,0.8164299732911156,0.12790697674418605,High
57798678,Berry-Bernard,South Africa,399744631035.5228,34777707900001.043,73,87,0.7863329347234588,34777782900085.484,0.8074324452577823,0.16091954022988508,High
16538116,Lawson Ltd,Somalia,354488422380.0802,32967348281250.547,83,93,0.7454002373757742,32967423281343.902,0.804229899508051,0.10752688172043012,High
37534467,Harmon Ltd,Palestinian Territory,376174924716.9996,33103343375000.5,78,88,0.7484751214792315,33103393375092.76,0.8036308104060523,0.11363636363636365,High
65979858,"Walker, King and Sutton",United Kingdom,388145606105.64276,33380459625000.46,74,86,0.7547407912798,33380522125080.766,0.7970309158869944,0.13953488372093026,High
25071500,"Padilla, Price and Adams",Japan,373566069768.5262,32126557000001.176,75,86,0.7263897299100222,32126682000088.91,0.7846720135222809,0.12790697674418605,High
19056801,Baker-Scott,Japan,376483000001.01697,33130466500000.348,73,88,0.7490883823226812,33130504000084.06,0.7812713809948877,0.17045454545454541,High
17375049,"Rivas, Huerta and Gonzalez",Cuba,363960621297.27545,32756330916667.832,75,90,0.7406290804022598,32756455916749.758,0.7777117446290152,0.16666666666666663,High
52220398,Warren-Matthews,France,321640220124.7839,29269197531250.83,86,91,0.6617840962356345,29269260031353.87,0.7750928513888635,0.05494505494505497,High
69297312,Reeves Inc,Japan,354321898877.46277,31534599000000.344,76,89,0.7130054070353778,31534649000089.7,0.769376568921943,0.1460674157303371,High
57219835,Hubbard-Silva,United States,349436133523.7697,30750292250001.195,76,88,0.6952720293722043,30750379750087.55,0.7626183972339391,0.13636363636363635,High
47001681,"Costa, Morrow and Coleman",Japan,372076082229.9913,30882302325000.266,71,83,0.6982568111751213,30882314825084.855,0.7611227165777092,0.14457831325301207,High
40726371,Smith PLC,France,309208534150.53937,29993177812500.44,85,97,0.6781534768996462,29993227812598.234,0.7574078489303762,0.12371134020618557,High
31432791,Walker-Chapman,Russia,331603163553.6691,31502175537500.832,78,95,0.7122723041956378,31502300537593.336,0.755785404614943,0.17894736842105263,High
58717425,"Ali, Riley and Hernandez",Germany,344442936381.0522,32033055583334.03,74,93,0.7242756387922267,32033193083430.664,0.7528460329710588,0.20430107526881724,High
31071212,Tucker-Rollins,Brazil,300142968422.1478,28513519500000.863,85,95,0.6446980212784401,28513582000100.566,0.7447139690978615,0.10526315789473684,High
54544917,Hensley Group,Germany,344402003788.9607,30307376333333.805,73,88,0.6852575863965421,30307376333423.3,0.7429725787179358,0.17045454545454541,High
93938586,Holmes-Ramos,Sudan,296519584479.1005,26983232187500.773,85,91,0.610097830924658,26983282187596.19,0.7396853864418137,0.06593406593406592,High
60818336,Trevino Inc,United Kingdom,326425397514.4648,30357549468750.555,76,93,0.6863920139134437,30357561968839.15,0.7387168866347207,0.18279569892473113,High
98501971,Edwards-Day,Afghanistan,307535612501.0891,27678192625000.656,81,90,0.6258110654456703,27678205125094.48,0.735486610821547,0.09999999999999998,High
68232056,Lopez Group,France,300684438462.59686,27362233900000.598,82,91,0.6186671572791183,27362283900093.36,0.7316401671301,0.09890109890109888,High
12172597,Chapman PLC,Australia,320982843399.97107,28567410562500.156,76,89,0.6459165120844553,28567473062592.848,0.7291233601716622,0.1460674157303371,High
21091414,Sherman-Buckley,Palestinian Territory,343496860442.8932,28510126916667.066,71,83,0.6446213140952977,28510239416755.445,0.7289423348668038,0.14457831325301207,High
16780316,"Chambers, Turner and Lyons",United States,332628801137.413,29271297000000.508,73,88,0.6618315657649101,29271334500087.28,0.7289173107893042,0.17045454545454541,High
36942477,"Ingram, King and Brown",Japan,325006358183.7885,26975490229166.97,75,83,0.6099227832523204,26975527729251.715,0.7273996543328258,0.09638554216867468,High
49931124,Odonnell Group,Australia,291738936330.69275,25964677833333.785,83,89,0.5870680545865956,25964765333429.32,0.7252751992385524,0.0674157303370787,High
36273069,Walker-Lara,Somalia,337137107041.2866,29330890812500.883,71,87,0.6631789972175384,29330928312586.72,0.7243443691472276,0.1839080459770115,High
2354506,"Buchanan, Holden and Maldonado",France,320340049439.3293,28510201900000.496,75,89,0.6446230094877831,28510264400095.01,0.7238528768836686,0.1573033707865169,High
25332971,Anderson PLC,Panama,329895687860.2756,28700899843750.758,72,87,0.6489347391217785,28700924843838.78,0.720395405608666,0.1724137931034483,High
49888871,Marquez-Hardy,Liberia,298261895605.5321,27141782500000.48,80,91,0.6136826943345094,27141832500099.168,0.7198582816991829,0.1208791208791209,High
51908140,"Vaughan, Riley and Moses",India,315864228933.60284,28111866375000.523,75,89,0.6356165406521003,28111916375085.6,0.7184488845673415,0.1573033707865169,High
8412894,Newman-Mcdowell,Sudan,280837778389.3042,25556087833334.414,84,91,0.5778297294295156,25556237833423.93,0.715929832854787,0.07692307692307687,High
54476825,Fletcher Ltd,Japan,302566489773.8195,26625838600000.855,78,88,0.6020170698429264,26625851100092.76,0.7157556733852379,0.11363636363636365,High
15628214,Lang-Meza,Australia,308010601737.15717,27720754156250.477,76,90,0.6267733926315282,27720954156339.133,0.7138434804615695,0.15555555555555556,High
92344043,Obrien Group,Germany,319768466667.68536,29738392400000.664,72,93,0.6723927130876162,29738467400087.24,0.7131135734853455,0.22580645161290325,High
70917263,Sherman Ltd,Panama,324826587153.8086,29234367843750.086,71,90,0.6609965880287478,29234392843836.832,0.7121535850225473,0.21111111111111114,High
58165444,"Beasley, Beltran and Freeman",Australia,331700982801.47253,28526247020833.793,69,86,0.6449857938032163,28526284520920.77,0.7079219021611316,0.19767441860465118,High
28745523,"Winters, Hanson and Strickland",Japan,274307702954.35165,24961925968750.75,84,91,0.5643955766089146,24962000968843.25,0.7078686658926143,0.07692307692307687,High
8137024,Johnson LLC,Canada,302946269312.8157,26962180468750.746,74,89,0.609621846140575,26962217968834.812,0.6983575786642066,0.1685393258426966,High
94712819,"Scott, Mason and Parker",Japan,287552890152.54486,25304529333333.75,78,88,0.5721419269403771,25304654333420.02,0.6978316118595422,0.11363636363636365,High
93166080,Bryant-Mcintyre,United Kingdom,299638434276.8749,25169578479167.266,74,84,0.5690906533629093,25169628479254.137,0.6938356679311228,0.11904761904761907,High
8426828,Johnson-Allen,North Korea,274571435506.28415,25809564937500.62,79,94,0.5835609120530896,25809714937585.81,0.6863079846682413,0.15957446808510634,High
79946180,"Lambert, Nelson and Parker",Palestinian Territory,302412195883.40576,25704986650000.63,71,85,0.5811963700322447,25705036650083.79,0.6828357898734196,0.16470588235294115,High
61353793,"Gonzalez, Jenkins and Garcia",Canada,281710193821.25397,25072119750000.473,76,89,0.5668870863900514,25072207250086.887,0.6817059487262229,0.1460674157303371,High
45737961,Oliver-Mitchell,Brazil,267399182766.20038,23531090583333.89,79,88,0.5320440199463499,23531128083422.72,0.6783175399163024,0.10227272727272729,High
39004424,Vasquez-Richardson,Cuba,277753594804.3849,24719969937500.7,76,89,0.5589248884119249,24720069937585.336,0.6769287447908341,0.1460674157303371,High
79496649,"Green, Hall and Le",United Kingdom,277720029070.8516,23883810000000.54,75,86,0.5400190968214255,23883922500088.94,0.6728495627569143,0.12790697674418605,High
98752076,Watts-Perez,Cuba,279374017114.0755,23467367437500.67,74,84,0.5306032232033061,23467417437578.402,0.6707432185374121,0.11904761904761907,High
62914176,Smith Group,India,242969406811.144,22596154833333.7,84,93,0.5109048817895334,22596154833432.977,0.6678331361379989,0.09677419354838712,High
5374501,Gonzales LLC,Iran,273357122845.9174,23782007187500.168,75,87,0.5377173090053136,23782069687590.3,0.667458415287379,0.13793103448275867,High
12367129,"Rhodes, Pena and Murray",France,249173508553.70474,23671470812500.13,82,95,0.5352180530912264,23671483312597.562,0.6663939817870264,0.13684210526315788,High
95987488,Long and Sons,Canada,256050415248.3383,23300575287500.88,79,91,0.5268320097243935,23300587787594.617,0.6633519470210154,0.13186813186813184,High
44865538,Walker-Armstrong,United Kingdom,267275783824.584,22718379125000.344,75,85,0.5136684045103831,22718441625086.152,0.6611426682916093,0.11764705882352944,High
58419910,"Johnson, Young and Baker",Russia,244869717804.24387,21548472666667.117,81,88,0.48721651810722355,21548535166770.605,0.6605121841419612,0.07954545454545459,High
87151913,Rosales-Klein,Japan,251776880953.40887,22911558666667.242,79,91,0.5180362437125595,22911696166755.438,0.6580756199148579,0.13186813186813184,Medium
74242274,Young-Bradley,Cuba,252444471053.67728,23982162250000.324,79,95,0.5422428665304977,23982224750093.758,0.6579777415197479,0.16842105263157892,Medium
67814745,Greene Inc,Australia,259910870451.29858,22612195729167.023,76,87,0.5112675705766289,22612245729259.383,0.6561861663087618,0.12643678160919536,Medium
51544353,"Smith, Good and Monroe",Australia,248973065591.75473,22656411468750.543,79,91,0.5122672998390532,22656548968845.742,0.6546142548951945,0.13186813186813184,Medium
70483604,"Martinez, James and Jones",United States,251935731832.42102,21666360437500.613,77,86,0.48988199097490226,21666472937585.17,0.6520696361665246,0.10465116279069764,Medium
95064253,Weaver LLC,Sudan,263293075728.01562,22643192012500.105,74,86,0.5119684045277594,22643204512604.977,0.651367086522726,0.13953488372093026,Medium
46699833,Douglas-Richardson,Syria,237364018881.25366,22786895812500.645,82,96,0.5152175844653865,22786945812596.152,0.6507975530592786,0.14583333333333337,Medium
16473560,Lee Ltd,Venezuela,254826156008.83167,21914949416667.066,76,86,0.49550265183299924,21915049416756.113,0.6507907555686517,0.11627906976744184,Medium
58402352,Wheeler Group,Yemen,245714053572.52682,22359928875000.45,79,91,0.5055637520173197,22359978875095.75,0.6505913363592803,0.13186813186813184,Medium
15620731,Mcgee LLC,Australia,259822765454.34933,23643759156250.37,75,91,0.5345914854046044,23643871656340.395,0.6504261175020412,0.17582417582417587,Medium
64093715,Cook Ltd,Venezuela,244678040522.9958,22265539187500.242,79,91,0.5034295768671608,22265701687588.977,0.649311849212687,0.13186813186813184,Medium
95853555,"Gallegos, Johnson and Smith",India,242245887932.13617,21075354750000.453,79,87,0.4765192001312239,21075392250093.168,0.649130142295294,0.09195402298850575,Medium
62624621,Pruitt and Sons,United Kingdom,239734278090.92477,21336238250000.543,80,89,0.48241784327256765,21336350750089.35,0.6490021761468623,0.101123595505618,Medium
95030218,Diaz-Jones,North Korea,251539552574.61407,21380849468750.297,76,85,0.48342651442082013,21380861968838.285,0.647702971223726,0.10588235294117643,Medium
58308534,Osborn-Ponce,United Kingdom,283222442772.14374,23507425250000.477,68,83,0.5315089406632418,23507462750082.113,0.6466164267499406,0.1807228915662651,Medium
86865280,"Horton, Harris and Rodriguez",Russia,238668620487.727,21718769464286.105,80,91,0.49106697257164045,21718844464378.887,0.6462891024676719,0.1208791208791209,Medium
82854897,Meyer LLC,Libya,231333260074.35016,21051251666667.06,82,91,0.47597422320784727,21051326666762.617,0.6460246650531499,0.09890109890109888,Medium
68295481,"Weeks, Blair and Hill",Yemen,256737630001.04443,23106349200000.516,74,90,0.5224405078513211,23106386700088.008,0.6423534146286384,0.1777777777777778,Medium
647445,"David, Watkins and Adams",France,245471879167.76297,22092381625000.113,77,90,0.4995144397718181,22092469125094.906,0.6419315645028915,0.1444444444444445,Medium
75753683,"Thompson, Mendez and Sullivan",United States,248237485734.78754,22837786187500.418,76,92,0.5163682289540288,22837848687594.855,0.640256168485543,0.17391304347826086,Medium
78695928,Sutton and Sons,Cuba,253061264368.94827,22016317500000.37,74,87,0.4977946103106529,22016330000093.63,0.6389066517429416,0.14942528735632188,Medium
99846496,Fitzpatrick-Rogers,Palestinian Territory,230637240741.84293,20757339166667.09,80,90,0.4693287858678874,20757351666762.234,0.6371528340115997,0.11111111111111116,Medium
97682119,Fisher and Sons,United Kingdom,257671020600.36227,22932658333333.723,72,89,0.5185133126113854,22932720833426.77,0.6347039412042158,0.1910112359550562,Medium
45265600,"Kim, Fernandez and Richardson",South Africa,259026114706.99673,22017194750000.582,71,85,0.4978144451591465,22017219750089.348,0.6328064277000889,0.16470588235294115,Medium
1485600,Miller LLC,Syria,241530759260.3468,21737755833333.72,76,90,0.49149625926689594,21737768333426.12,0.632675535261064,0.15555555555555556,Medium
61045863,Ortiz-Barker,India,231276313173.1258,21508634625000.234,79,93,0.4863157697224355,21508697125095.25,0.631574863369415,0.15053763440860213,Medium
81677105,Williams-Suarez,Panama,220243887629.89417,21363644600000.934,82,97,0.48303750790624134,21363657100094.36,0.6279668384763613,0.15463917525773196,Medium
57427992,Gilmore PLC,Somalia,230188795455.61163,20256464000000.594,77,88,0.45800386931883114,20256614000090.055,0.6248035746506253,0.125,Medium
23243653,Noble Ltd,Cuba,223544391484.54706,20342477125000.535,79,91,0.4599486482329682,20342539625089.36,0.6232223974535591,0.13186813186813184,Medium
95962400,"Hayes, Anderson and Garcia",Russia,227373578652.71948,20236111000000.54,77,89,0.4575436827456824,20236248500087.953,0.6205947654898802,0.1348314606741573,Medium
65273094,"Andrews, Nelson and Simon",North Korea,205644007237.90274,19536055687500.527,84,95,0.4417152517884235,19536180687597.055,0.6187143922392218,0.11578947368421055,Medium
56999480,Mcdaniel-Moore,Syria,224646363254.61212,21116658145833.586,78,94,0.4774530805512015,21116758145927.574,0.6183875384046829,0.17021276595744683,Medium
4018435,Flores PLC,Australia,213699196079.5097,18164294166667.133,79,85,0.4106993704221416,18164431666756.414,0.6181854788394406,0.07058823529411762,Medium
43692736,Mcgee PLC,Australia,224879561356.36398,20464027583333.7,77,91,0.4626969354085614,20464040083424.297,0.6160797081414289,0.15384615384615385,Medium
48140059,Rice and Sons,Japan,229657279095.87387,19980133281250.523,75,87,0.4517559605821838,19980183281336.7,0.6158815126183832,0.13793103448275867,Medium
95935708,Salinas Group,Brazil,223245506049.42145,20761769562500.39,77,93,0.46942895825899505,20761832062590.047,0.6128406297718312,0.17204301075268813,Medium
79213150,Medina PLC,Sudan,216283952793.63525,20330641562500.51,79,94,0.4596810431158769,20330691562595.758,0.6119791869058548,0.15957446808510634,Medium
44828602,Oliver Group,Sudan,228633697304.98184,19433826770833.59,74,85,0.4394038296473367,19433864270919.484,0.6118778317098559,0.12941176470588234,Medium
11088314,Russell-Atkins,Japan,210780463133.1534,18759323718750.383,79,89,0.42415314188063363,18759461218846.88,0.6095492125655874,0.1123595505617978,Medium
34463264,Pierce-Whitaker,United States,214235950001.12817,19281185500000.707,78,90,0.4359525711918036,19281235500096.96,0.6082385630172142,0.1333333333333333,Medium
42978341,Hall-Leblanc,Liberia,226972649426.27927,19746445500000.48,74,87,0.44647221964768263,19746620500081.94,0.608114698615127,0.14942528735632188,Medium
81326780,Adams Ltd,Canada,188835332447.9033,17750471250000.26,86,94,0.4013427276711548,17750521250099.98,0.6067634448720991,0.08510638297872342,Medium
87129591,Herrera Inc,Sudan,201247733200.0019,18715926687500.54,82,93,0.4231719238245416,18716039187596.16,0.6065922481190623,0.11827956989247312,Medium
48409355,Flynn Ltd,Australia,252393360466.15356,21705754000000.586,67,86,0.49077268957122394,21705829000083.414,0.6060920880622629,0.22093023255813948,Medium
67489672,Reyes-Mueller,Palestinian Territory,223642257327.04327,20351420416666.914,75,91,0.46015085836143127,20351445416754.93,0.6057609667488193,0.17582417582417587,Medium
37491492,"Lynch, Lane and Valdez",Japan,211819223027.36517,20122676187500.355,79,95,0.4549788924130489,20122826187594.2,0.6056201681385212,0.16842105263157892,Medium
95864951,Perez Ltd,Germany,203695050926.9965,18332529583333.746,80,90,0.41450321653219185,18332554583425.914,0.60425761785762,0.11111111111111116,Medium
65495945,Briggs Group,Venezuela,229075349185.84665,21074844625000.19,73,92,0.4765076660735544,21074932125091.227,0.6032965876114098,0.2065217391304348,Medium
56997959,Garcia-Cobb,Palestinian Territory,219003705966.95438,19272251125000.277,75,88,0.4357505626714546,19272326125087.734,0.6023600082954726,0.1477272727272727,Medium
97400952,Bolton-Lee,Palestinian Territory,198268633334.38828,17844064500000.152,81,90,0.40345889516426087,17844177000091.39,0.6020762633370238,0.09999999999999998,Medium
5722164,"Wright, Boyer and Collins",South Africa,212889002156.22354,18521305687500.63,76,87,0.41877149287812093,18521343187587.22,0.6006884275520463,0.12643678160919536,Medium
35215351,Burns Inc,Germany,221396782772.59808,19704288666667.223,74,89,0.4455190427859727,19704313666755.863,0.5998958207044427,0.1685393258426966,Medium
40450309,"King, Petty and Nguyen",Yemen,182169620877.86154,17488246104167.146,86,96,0.39541374957190417,17488283604271.291,0.5955818328267487,0.10416666666666663,Medium
51584878,"Mendez, Reynolds and Brown",United Kingdom,203631046704.33258,18530337750000.465,78,91,0.41897571013799684,18530425250089.93,0.5942432655675411,0.1428571428571429,Medium
19618796,"Pugh, Vincent and Carter",Canada,183846379705.41425,17097650812500.238,84,93,0.38658228940584777,17097713312600.994,0.5932401740736664,0.09677419354838712,Medium
63828011,Smith-Dixon,India,212204516545.22018,18037333906250.42,74,85,0.40782876622781733,18037383906339.7,0.5929329138486241,0.12941176470588234,Medium
97267194,"Lewis, White and Wilson",Russia,181799924933.09943,16725543093750.61,84,92,0.37816883802604484,16725593093842.623,0.5921190608204928,0.08695652173913049,Medium
44376809,"Nichols, Harris and Johnson",United States,194686745660.8257,18689815083333.63,81,96,0.4225815337277031,18689927583433.617,0.5910498421514772,0.15625,Medium
76657207,"Rios, Barton and Spencer",India,186151554348.90836,17125918000000.57,82,92,0.38722141779715596,17125943000095.883,0.5888547283600101,0.10869565217391308,Medium
84519334,"Gutierrez, Dean and Powell",Cuba,207430583571.13565,18253866354167.035,75,88,0.4127246206562548,18253891354255.8,0.5885439960877088,0.1477272727272727,Medium
32585900,Gonzales Inc,Australia,218104095644.9457,19193110416667.03,72,88,0.4339611708685586,19193160416749.68,0.587649783879467,0.18181818181818177,Medium
41870113,Woods Ltd,Panama,173803537235.14746,16337345000000.229,86,94,0.36939157912242454,16337532500100.793,0.5875940065305933,0.08510638297872342,Medium
37592996,Cunningham and Sons,Russia,194392654762.96378,17689694083333.637,79,91,0.3999685402759831,17689731583425.086,0.587234120138642,0.13186813186813184,Medium
53177773,Walters-Lucas,Japan,199299334270.75983,17737490750000.66,77,89,0.40104923522225006,17737640750094.258,0.5866982228006801,0.1348314606741573,Medium
69991448,Moore LLC,Liberia,189166836843.16122,17970774500000.47,81,95,0.4063238409061007,17970849500094.785,0.5848475225596568,0.1473684210526316,Medium
87896766,Smith Ltd,Australia,195398240057.8518,17194932625000.79,77,88,0.3887818562473064,17195045125087.568,0.5832700433053373,0.125,Medium
87651991,"Cooke, Fuller and Tucker",United States,199494658240.77527,17755024583333.83,76,89,0.4014456797108134,17755024583424.55,0.5824403507669931,0.1460674157303371,Medium
11450415,"Parker, Sullivan and Nelson",Somalia,191193506977.86557,16442616600000.623,77,86,0.3717717971175082,16442641600093.633,0.5812027551986966,0.10465116279069764,Medium
18879955,Johnson-Patterson,Australia,178375962694.907,15340320291667.684,80,86,0.34684859362294296,15340332791759.578,0.5802022140580338,0.06976744186046513,Medium
89545758,"Franco, Anderson and Hawkins",Iran,196586224345.59833,17496111466667.322,76,89,0.3955915874442335,17496173966753.113,0.5789284619867506,0.1460674157303371,Medium
93342818,Fischer Ltd,Canada,196007202510.00693,18228607333333.73,77,93,0.41215350768822356,18228669833424.496,0.5784753723795449,0.17204301075268813,Medium
13730080,Wilson and Sons,Yemen,212970466955.06067,18528330625000.297,71,87,0.4189303285246864,18528430625084.65,0.5777957884130465,0.1839080459770115,Medium
63446985,Davis and Sons,Brazil,214910019677.00357,17407686593750.098,69,81,0.393592278288395,17407711593832.307,0.5768962448244686,0.14814814814814814,Medium
32290240,Hudson-Gordon,France,203076646803.36465,17464504125000.363,73,86,0.39487693730675893,17464591625084.756,0.5764617481813513,0.15116279069767447,Medium
18977653,"Thornton, Garrison and Jackson",Palestinian Territory,193854660611.50742,16671463312500.096,75,86,0.37694608024044857,16671500812585.166,0.5750051113722954,0.12790697674418605,Medium
54687293,"Jones, Colon and Kelly",India,186328235552.06683,17328463406250.49,79,93,0.3918010216103,17328525906336.832,0.5748660358721489,0.15053763440860213,Medium
41926547,"Berg, Shaw and Mora",Canada,195723955164.10544,18006528875000.656,76,92,0.4071322565355591,18006603875092.58,0.574714722784273,0.17391304347826086,Medium
90311000,Pierce PLC,United Kingdom,194822001121.1279,18118371104167.13,76,93,0.40966103814875116,18118446104258.867,0.5726789290018327,0.18279569892473113,Medium
65813632,Odom and Sons,Syria,180124407639.8976,16211071687500.303,79,90,0.3665365069974638,16211196687586.572,0.5710340629475086,0.12222222222222223,Medium
90418006,"Mcclure, Wilson and Wiggins",Russia,194797909723.24207,18700474333333.613,76,96,0.422822542116138,18700599333423.734,0.5703612268478468,0.20833333333333337,Medium
95420314,Miller-Adams,United Kingdom,184440294035.1317,16230720875000.262,77,88,0.3669807801886759,16230745875087.318,0.5701886112408869,0.125,Medium
98999226,Elliott and Sons,South Africa,175394804862.14908,15785532437500.246,80,90,0.3569149549315626,15785532437589.71,0.569704447815664,0.11111111111111116,Medium
244001,Conley LLC,Germany,162738475946.11127,15785632166667.283,86,97,0.3569172098337206,15785632166768.918,0.5687894204587355,0.11340206185567014,Medium
21448629,Bennett-Williams,France,179886563816.8042,17089136062500.07,80,95,0.38638976871485453,17089223562591.582,0.5686766704874773,0.1578947368421053,Medium
34428932,"Holmes, Hill and George",North Korea,191650813905.47058,17056772437500.432,75,89,0.3856580188164015,17056922437582.557,0.5684747323921278,0.1573033707865169,Medium
86304988,"Harper, Edwards and Adams",Yemen,184965681618.69443,15722020437500.371,75,85,0.3554789322502042,15722082937585.24,0.5662290207026502,0.11764705882352944,Medium
54585396,Wells and Sons,France,165509195653.2403,15226783500000.412,82,92,0.34428149751507064,15226846000094.793,0.5630911250532793,0.10869565217391308,Medium
46703340,Jones Ltd,North Korea,155836275538.66525,14492761125000.266,85,93,0.32768506252441015,14492773625093.03,0.5622024743255075,0.08602150537634412,Medium
9025068,Taylor-Erickson,Cuba,159013502689.13998,14788180750000.473,84,93,0.3343645763488767,14788255750086.744,0.5619096710971725,0.09677419354838712,Medium
21680778,"Bowman, Sutton and Hernandez",Australia,217809008721.89758,18731574750000.07,66,86,0.423525730548762,18731574750076.566,0.5610920867554432,0.2325581395348837,Medium
80329163,"Russell, Burgess and Medina",India,182377370139.88016,16413850812500.555,76,90,0.3711213952517613,16413963312583.684,0.5604515484788429,0.15555555555555556,Medium
96216205,"Smith, Brown and Coleman",Canada,168011004808.74185,15288926437500.113,80,91,0.3456865653406152,15289001437591.707,0.5590608910000314,0.1208791208791209,Medium
84378189,May-Harris,Venezuela,177889668994.90482,16721616385416.9,78,94,0.3780800541390582,16721628885515.482,0.5587629536674357,0.17021276595744683,Medium
50348097,"Ellis, White and Bean",Germany,179715988297.01544,15994660458333.496,76,89,0.3616433933561867,15994722958429.754,0.5585595532098149,0.1460674157303371,Medium
96246336,"Haynes, Salazar and Gonzalez",France,210608819445.50394,17059289375000.69,66,81,0.38571492742167196,17059314375080.76,0.5573550212706955,0.18518518518518523,Medium
73510386,Bell Ltd,United States,177291388889.93445,16488074166667.2,77,93,0.37279960441018817,16488099166758.158,0.5548627001570992,0.17204301075268813,Medium
64703041,Peters PLC,Japan,189977466270.9071,15957994666666.963,71,84,0.3608143703611117,15958107166751.555,0.5545847961923787,0.15476190476190477,Medium
33257961,Brown PLC,United States,160778669944.92325,14309164125000.377,80,89,0.32353388705788866,14309301625095.236,0.5536720644447399,0.101123595505618,Medium
25180717,Williams-Sullivan,Canada,165141745520.71933,15358069833334.053,80,93,0.3472499153324887,15358182333422.684,0.5524369096523474,0.13978494623655913,Medium
23627221,Novak PLC,Canada,174094318799.4866,14972061416667.113,75,86,0.338522165591809,14972111416751.562,0.5519508843221028,0.12790697674418605,Medium
92968219,Perez Ltd,United States,159055410113.40845,14155869000000.576,80,89,0.3200678447912018,14155931500089.904,0.5515917615610164,0.101123595505618,Medium
99147725,"Everett, Young and Martin",South Africa,178938560268.95367,15030764062500.658,73,84,0.3398494475365263,15030839062587.545,0.5515293176080229,0.13095238095238093,Medium
83198254,"Allen, Young and Gonzales",Yemen,182843513411.01083,15907373166667.047,73,87,0.35966980520548114,15907385666753.348,0.5514340987608204,0.16091954022988508,Medium
1014945,Baker-Medina,France,164873331677.17972,14508765687500.482,78,88,0.32804692980548417,14508853187588.443,0.5513743296156263,0.11363636363636365,Medium
39441384,Johnson-Washington,Canada,157766940218.39255,14514496000000.51,81,92,0.32817649364729873,14514558500088.41,0.5490803002869951,0.11956521739130432,Medium
83261043,Singh LLC,Germany,160108607725.84662,14249566087500.496,79,89,0.3221863600769332,14249666087596.504,0.5483688273847129,0.1123595505617978,Medium
33141438,Fletcher-Hernandez,United States,160215344087.07812,14899889500000.42,80,93,0.33689033996372797,14900027000093.99,0.5462213928759178,0.13978494623655913,Medium
88099196,Carey-Garcia,Japan,162258953805.37265,14927798750000.457,79,92,0.337521375295946,14927823750089.557,0.5459912358357005,0.14130434782608692,Medium
74507985,Williams-White,India,167057398438.55203,14701001062500.465,76,88,0.3323934211560943,14701051062588.139,0.5448909751986524,0.13636363636363635,Medium
34735550,Dougherty Ltd,France,159918144918.67056,14552438687500.19,79,91,0.3290343875861031,14552551187594.385,0.5446743228705276,0.13186813186813184,Medium
64849612,Duarte Inc,Japan,167275656930.4077,15389297937500.148,77,92,0.3479559908123732,15389360437592.256,0.5435566897660428,0.1630434782608695,Medium
86888600,Jones LLC,India,191673786998.2301,16675556968750.475,69,87,0.37703863886283867,16675619468840.033,0.5434650426353098,0.2068965517241379,Medium
45554915,"Lawrence, Mcfarland and Cain",Palestinian Territory,178343448736.97485,15872554437500.139,73,89,0.3588825447693454,15872566937585.227,0.5434194464095337,0.1797752808988764,Medium
54193174,Johnson-Alvarez,United States,150483569299.28394,14295851583333.705,83,95,0.323232887061354,14295939083427.844,0.5434141347227467,0.12631578947368416,Medium
33589846,"Boyer, Mcintosh and Rhodes",Venezuela,157345744445.50793,14161017000000.227,79,90,0.320184242397373,14161117000092.068,0.5432224885654547,0.12222222222222223,Medium
83911108,Cortez and Sons,Liberia,153144619899.02612,15008122750000.453,83,98,0.3393375216282557,15008172750098.74,0.5423783986614975,0.15306122448979587,Medium
82225476,Gray Inc,Syria,151991867648.15173,12919308750000.4,78,85,0.29210889898773257,12919308750090.55,0.5423240968760895,0.08235294117647063,Medium
60156219,"Sullivan, Jensen and English",Afghanistan,186470314416.82584,16222867354166.988,70,87,0.3668032100594858,16222917354256.805,0.5419213757657655,0.1954022988505747,Medium
40249482,Wall-Miller,Australia,165365794332.47733,14221420812500.723,75,86,0.32154998815866853,14221458312588.299,0.5417674686484876,0.12790697674418605,Medium
52038171,"Ramirez, Morgan and Miller",Afghanistan,154221615169.61295,13725661250000.146,79,89,0.3103407367376373,13725723750091.467,0.5412611169057547,0.1123595505617978,Medium
73644711,"Owen, Henderson and Salas",United States,201941529009.46722,15953305791666.785,64,79,0.360708353689454,15953380791742.498,0.5404762418757563,0.189873417721519,Medium
64617045,Francis-Jones,South Africa,173145703126.08127,15583063281250.477,74,90,0.3523370751505648,15583113281341.336,0.5402915065203814,0.1777777777777778,Medium
38485252,"Campbell, Brown and Richard",Australia,151280843040.8146,13312526687500.256,79,88,0.3009996578516932,13312714187588.168,0.5396923315140756,0.10227272727272729,Medium
16428456,Lopez-Bishop,Somalia,156647596744.45502,13628265916666.854,77,87,0.30813860316090624,13628340916763.623,0.5389067590393654,0.11494252873563215,Medium
22112146,Garcia-Wagner,Japan,153776874306.58942,13839831187500.38,79,90,0.3129221484358979,13839918687589.178,0.5388651207793012,0.12222222222222223,Medium
31772495,Ward LLC,Syria,156709875001.09946,13320239375000.691,76,85,0.3011740437029477,13320339375090.094,0.5383523213594639,0.10588235294117643,Medium
1953086,Hicks LLC,Canada,158308750937.48102,14089466333333.89,77,89,0.3185664633918406,14089478833431.31,0.5372073347886277,0.1348314606741573,Medium
4254473,Oconnor Inc,Somalia,157275966347.20532,14312037937500.346,78,91,0.32359886469883736,14312112937591.99,0.5370170668178578,0.1428571428571429,Medium
15891927,Davidson-Li,India,168366919679.7929,13974429333333.697,72,83,0.31596544718709146,13974454333418.959,0.5365673747818827,0.1325301204819277,Medium
9233313,Thornton LLC,Liberia,152651425596.32132,12822619750000.459,76,84,0.2899227357896275,12822719750087.852,0.5358592422366436,0.09523809523809523,Medium
78321908,"Bradley, Mcintosh and Gonzalez",Brazil,170520545330.66443,15517294625000.328,74,91,0.35085002889004924,15517369625083.85,0.5357853415885165,0.18681318681318682,Medium
57408672,Stafford-Rogers,Libya,178114335295.11832,15139668500000.07,70,85,0.3423118049233199,15139718500080.412,0.5347992224676793,0.17647058823529416,Medium
64184536,Wise Group,United Kingdom,158843947803.30188,14454774250000.447,77,91,0.3268261694948445,14454799250094.95,0.5345573923652827,0.15384615384615385,Medium
593761,"Roberts, Johnson and Williams",Brazil,174492994253.94427,15180828000000.42,71,87,0.34324243182144926,15180890500086.916,0.532382728350732,0.1839080459770115,Medium
66375927,"Sweeney, Montoya and Norman",United States,150308835207.09128,13377411333333.717,78,89,0.302466716408957,13377486333426.875,0.5320424375176571,0.1235955056179775,Medium
12955990,Taylor PLC,Sudan,151792743519.5952,13661321916667.012,78,90,0.3088860078364841,13661346916758.951,0.5319984276317007,0.1333333333333333,Medium
75911160,Thompson-Gonzalez,France,153872442416.76685,13694497375000.469,77,89,0.3096361134957516,13694647375088.105,0.5318503704335329,0.1348314606741573,Medium
39951963,Richards Group,India,161105715054.86145,14982744000000.338,76,93,0.33876370155291935,14982831500096.129,0.530140656125714,0.18279569892473113,Medium
13854045,Young-Wright,Venezuela,159260562985.53494,13696358416666.822,74,86,0.30967819212725184,13696408416751.977,0.529993343974394,0.13953488372093026,Medium
74504599,Strong Ltd,Afghanistan,137032565342.02104,12058815750000.514,80,88,0.27265293058566076,12058865750095.107,0.5272285125457932,0.09090909090909094,Medium
39364831,"Arias, Kelly and Jones",Libya,148032292636.73868,12730752166666.965,76,86,0.2878455860643986,12730777166755.898,0.526195884752087,0.11627906976744184,Medium
61347283,Roman LLC,Germany,142990286112.17987,12869013250000.572,79,90,0.2909717047760851,12869125750092.602,0.5256950856489581,0.12222222222222223,Medium
17816348,"Foster, Crawford and Harrison",United States,135514254940.94707,13144845229166.871,84,97,0.2972083368822628,13144882729266.588,0.5247170266614749,0.134020618556701,Medium
70563987,Howard Group,Germany,138012252787.00153,11868953739584.012,78,86,0.2683601016196869,11869053739679.344,0.5238076023797897,0.09302325581395354,Medium
78817052,Lyons-Floyd,United States,145013552326.6453,12471090500000.318,76,86,0.28197456888948114,12471165500088.396,0.5226737279794815,0.11627906976744184,Medium
12238148,"Stevens, Lee and Jones",Iran,146266346744.35117,12725059666667.355,76,87,0.2877168771729594,12725172166754.27,0.5220563660681743,0.12643678160919536,Medium
90468549,Lloyd Group,Russia,145239153559.16888,12926247166666.842,77,89,0.2922657783759702,12926284666762.084,0.521427155828205,0.1348314606741573,Medium
88779857,Hammond LLC,France,185918599703.3891,15617037375000.594,65,84,0.3531052381623399,15617162375077.469,0.5213880030959014,0.22619047619047616,Medium
63857735,Valentine and Sons,South Africa,135308812161.45015,12448385718750.463,81,92,0.28146120793643076,12448410718848.73,0.5210508002693743,0.11956521739130432,Medium
114267,"Levine, Hoffman and Long",Cuba,142808944445.51544,12852730000000.64,78,90,0.29060353629884966,12852805000092.162,0.5210294010477394,0.1333333333333333,Medium
89137577,Hill-Kelley,Canada,135244947827.13576,12442485200000.635,81,92,0.28132779568746125,12442535200092.709,0.52097097905255,0.11956521739130432,Medium
1903466,"Stewart, Young and Frederick",Palestinian Territory,160710627874.6393,13981799625000.12,72,87,0.31613209138033416,13981824625088.4,0.5207138922115684,0.1724137931034483,Medium
16918328,"Rogers, Barry and Lara",Australia,125954065935.20741,11461745000000.2,83,91,0.2591530071164298,11461820000100.697,0.5203275888179344,0.08791208791208793,Medium
70722913,Reid Group,Libya,154289171512.6837,13268756250000.334,73,86,0.30000999698409353,13268868750086.143,0.5195418315399385,0.15116279069767447,Medium
65166426,Adams-Smith,India,151729136974.22467,13200422416667.205,74,87,0.2984649514089151,13200434916753.48,0.5193089014709235,0.14942528735632188,Medium
26592352,"Jones, Wilson and Munoz",France,135678780899.94585,12075361500000.36,79,89,0.273027034255517,12075411500091.488,0.5188727908020068,0.1123595505617978,Medium
65593307,"Mooney, Holmes and Thomas",Japan,137685311895.47577,11840874322916.992,77,86,0.2677252187752916,11840936823007.404,0.5187751708722871,0.10465116279069764,Medium
33163424,Miller-Collier,Somalia,138688384616.4627,12620530500000.432,79,91,0.2853534457868042,12620643000093.648,0.5184657676673432,0.13186813186813184,Medium
84635687,Vance-Shepard,Venezuela,144334122160.16882,12701190250000.398,76,88,0.28717718351310595,12701402750090.27,0.5177627125023323,0.13636363636363635,Medium
95732679,Yang Ltd,Brazil,150370234260.31396,13533246083333.53,75,90,0.3059901802511283,13533321083422.658,0.5169280506067812,0.16666666666666663,Medium
16745332,"Delgado, Cruz and Olson",Iran,137291205993.55605,12218804833333.805,78,89,0.2762703249747021,12218917333422.51,0.5163249477338262,0.1235955056179775,Medium
84213628,Simpson-Hughes,Afghanistan,159593516204.65088,12926999812500.531,69,81,0.2922827958921594,12927074812572.354,0.5161110304979352,0.14814814814814814,Medium
82281668,"Finley, Jones and Shannon",Panama,167870311757.00653,14100968687500.346,68,84,0.3188265345826719,14101106187582.91,0.5151066160356175,0.19047619047619047,Medium
4131249,Collins Ltd,Australia,152720800190.43338,13439417916666.857,73,88,0.3038687012316693,13439430416752.938,0.5141394469034792,0.17045454545454541,Medium
23051247,"Jackson, Daugherty and Chang",Somalia,140868836207.93976,12255476250000.516,75,87,0.27709947515248023,12255588750086.377,0.5110882261070813,0.13793103448275867,Medium
14134411,Baird PLC,Germany,145495855556.5912,13094502000000.547,75,90,0.29607006350186527,13094627000088.445,0.5109764350050796,0.16666666666666663,Medium
72634516,Gonzalez and Sons,Brazil,146475467034.0237,13329092500000.285,75,91,0.3013742151398469,13329267500090.158,0.5104963733304934,0.17582417582417587,Medium
58408128,Harris-Anderson,Liberia,131964379311.40553,11480876000000.322,77,87,0.25958556395478,11480901000088.863,0.5097744942887195,0.11494252873563215,Medium
29331132,"Roberts, Weiss and Salazar",Liberia,173388989584.36792,14564637625000.316,65,84,0.32931020870555594,14564675125080.006,0.5071101994434214,0.22619047619047616,Medium
59979801,Tucker-Williams,Yemen,124114793479.3405,11418473500000.303,81,92,0.25817462735423724,11418561000095.164,0.5070794224413202,0.11956521739130432,Medium
35779880,Wilson and Sons,Venezuela,150256368132.9031,13673292000000.314,73,91,0.3091566545042698,13673329500087.654,0.5063733828348148,0.19780219780219777,Medium
75054208,Torres and Sons,Russia,124838353449.31131,10860849250000.479,78,87,0.24556659941185185,10860936750086.809,0.5059613851382224,0.10344827586206895,Medium
80030347,"Duran, Sanders and Nguyen",Brazil,141902201705.59845,12487318750000.54,74,88,0.2823414938025545,12487393750087.63,0.5057691471149668,0.15909090909090906,Medium
81066905,Fischer-Cook,South Africa,148011872606.40234,12877007916667.182,72,87,0.2911524662489276,12877032916751.516,0.5057261227806638,0.1724137931034483,Medium
19263326,Hardin-Nelson,Somalia,117642949597.87926,10940769312500.559,83,93,0.24737361261322988,10940794312599.162,0.5054135850511234,0.10752688172043012,Medium
31897726,"Hernandez, Nelson and Cline",Australia,112772742188.58223,10826120750000.416,86,96,0.2447813790804225,10826183250100.299,0.5052026706927408,0.10416666666666663,Medium
30159620,"Larson, Scott and Rodriguez",Japan,134409917115.83292,12500097291666.834,78,93,0.2826304199215166,12500122291766.742,0.5050622851203418,0.16129032258064513,Medium
70200272,Anderson-Warren,Brazil,138355348902.1386,12590299250000.61,76,91,0.2846699094364193,12590336750089.225,0.5048681545174624,0.1648351648351648,Medium
70477501,Graves-Singh,Australia,130275366848.84018,11985158750000.098,78,92,0.2709875268408311,11985333750088.496,0.5017244723338792,0.15217391304347827,Medium
38096134,Chavez-Hale,United States,123337000001.04938,11100242500000.54,79,90,0.25097934246457987,11100330000091.002,0.5016994512019963,0.12222222222222223,Medium
35936418,"Fields, Curry and Steele",Australia,139302628721.3233,11701370812500.074,72,84,0.2645710084671891,11701420812587.168,0.5016001403227706,0.1428571428571429,Medium
44390796,Curtis Inc,South Africa,132682919608.84053,11277898166667.21,74,85,0.2549961828538872,11278048166747.285,0.5012343027899228,0.12941176470588234,Medium
33711101,"Hunt, Solis and Bishop",India,148091746528.80002,13328219687500.09,72,90,0.3013544806243718,13328257187585.361,0.5008129593918335,0.19999999999999996,Medium
31626518,Martin-Carter,India,116960137641.5646,10409314750000.428,80,89,0.23535728804680014,10409452250095.992,0.5007661249751105,0.101123595505618,Medium
91980673,Quinn-Hawkins,Syria,129895105114.6671,11430694250000.477,76,88,0.25845094165993526,11430769250086.084,0.5005257303220229,0.13636363636363635,Medium
33862372,Willis-Ballard,Libya,135303035815.74269,12041820187500.244,75,89,0.2722686565392935,12041970187596.543,0.5004411406636966,0.1573033707865169,Medium
71106144,Burnett PLC,France,133624503473.24815,12827877333333.867,78,96,0.2900416111032048,12827952333425.305,0.49902557939073816,0.1875,Medium
4729301,"Jackson, White and English",South Africa,136112866241.57237,11977857229167.078,74,88,0.2708224375738478,11977932229252.932,0.49885771598222783,0.15909090909090906,Medium
21981449,"Taylor, Stone and Turner",Liberia,112376954974.22824,10451031812500.31,83,93,0.23630052157667789,10451056812599.227,0.4987697329328571,0.10752688172043012,Medium
4612032,Malone Inc,India,124735041209.88249,11350826250000.299,78,91,0.2566451056050919,11350888750094.387,0.4968447134488722,0.1428571428571429,Medium
78990062,Gonzalez and Sons,Sudan,120926591761.32103,10762391666667.184,78,89,0.24334044808897395,10762466666753.432,0.4965666898942474,0.1235955056179775,Medium
7848460,Stewart Inc,South Africa,98827382979.8562,9289724000000.705,87,94,0.21004305277091834,9289774000104.145,0.496239002334409,0.07446808510638303,Medium
25242377,Stone Inc,Japan,138932582398.06403,12364937333334.111,73,89,0.27957441844498265,12364999833421.662,0.4958350407516615,0.1797752808988764,Medium
518684,"Davis, Fernandez and Payne",Australia,109558107237.94385,10407995187500.436,84,95,0.23532745239874212,10408020187600.496,0.49488085486060795,0.11578947368421055,Medium
4384634,"Hall, Macdonald and Allen",North Korea,132346963069.21509,11646407750000.504,74,88,0.26332827946500914,11646532750086.404,0.4943616750162753,0.15909090909090906,Medium
2222630,"Perry, Thompson and Schaefer",Afghanistan,103829587937.18016,8929282062500.531,80,86,0.2018933677103939,8929344562595.232,0.493229563490277,0.06976744186046513,Medium
55768544,Owens-Perry,Yemen,129505011495.32774,11266873500000.297,74,87,0.2547469123004778,11266936000088.709,0.4930785400955685,0.14942528735632188,Medium
97601551,Anderson PLC,North Korea,144530479886.1067,12574089250000.533,70,87,0.2843033971605506,12574151750084.926,0.4924216197310569,0.1954022988505747,Medium
21351354,Moore Inc,Canada,124716916188.86772,10850371708333.664,75,87,0.24532969949563993,10850371708427.232,0.4920253504352796,0.13793103448275867,Medium
52202738,Mckee-Williams,Syria,141867586539.5384,12909937875000.533,72,91,0.29189702108994936,12909950375091.066,0.49162177619065817,0.20879120879120883,Medium
47905117,Brewer-Roberts,Libya,136099446324.61252,11568415437500.1,71,85,0.26156485318773254,11568452937587.096,0.4910568389852539,0.16470588235294115,Medium
46942558,Johnson LLC,Japan,110679344430.4533,10182387187500.408,81,92,0.23022639739974068,10182499687597.678,0.49031071689027855,0.11956521739130432,Medium
46187799,"Orozco, Dixon and Williams",Japan,123146586275.54355,10467297333333.637,74,85,0.23666828919288915,10467459833417.37,0.49023768378857785,0.12941176470588234,Medium
22215892,Mathis-Williams,South Africa,119209610216.10428,11086443750000.508,79,93,0.2506673491723756,11086493750093.166,0.490185751269012,0.15053763440860213,Medium
9115251,Hernandez-King,United States,121117877841.95758,10658310750000.488,76,88,0.24098715175079785,10658373250088.07,0.49004734727395405,0.13636363636363635,Medium
50667390,Rice Group,United States,130463798133.28445,11350287937500.205,73,87,0.2566329342207898,11350350437590.645,0.4896124516719131,0.16091954022988508,Medium
77813318,Mills PLC,South Africa,110803764847.83554,9639865041667.174,78,87,0.21795983192302326,9639927541758.137,0.4893971047844992,0.10344827586206895,Medium
24260299,"Gallegos, Richard and Martin",Palestinian Territory,106861521552.88449,9296864875000.236,79,87,0.21020450979422248,9296952375097.934,0.4893418405126569,0.09195402298850575,Medium
77782513,Jackson-Myers,United States,133482707163.98795,11879873437500.283,73,89,0.26860699880260314,11879960937589.287,0.4892548175484647,0.1797752808988764,Medium
46396662,Rogers Inc,Brazil,123352537848.25096,11101703406250.463,76,90,0.2510123739312355,11101728406337.158,0.488385371485033,0.15555555555555556,Medium
63684899,Monroe-Stone,India,119699812038.07695,10772970583333.633,77,90,0.2435796401200429,10772983083422.479,0.4883700642721226,0.1444444444444445,Medium
18489410,"Ingram, Mitchell and Hahn",Sudan,111745985086.28769,9833621687500.146,78,88,0.22234071959906274,9833646687589.988,0.48795006213618936,0.11363636363636365,Medium
58711944,"Rush, Abbott and Wright",Sudan,126258406482.53851,11363156583333.63,75,90,0.2569238976181825,11363256583422.594,0.48748851822350736,0.16666666666666663,Medium
48762255,"Williams, Green and Dixon",United Kingdom,103387787635.47783,9615001750000.518,83,93,0.21739766649339395,9615064250095.467,0.4874283633105206,0.10752688172043012,Medium
68324722,Hahn Ltd,India,127131708782.45201,11823223916667.121,76,93,0.26732613854305115,11823248916761.643,0.48727756921592746,0.18279569892473113,Medium
49811335,"Smith, Harrison and Fields",Iran,108669404096.03319,9454188156250.441,78,87,0.2137616297114265,9454238156351.203,0.4868780713556329,0.10344827586206895,Medium
69233453,Perry-Thomas,Japan,109028908618.48189,9594431458333.49,78,88,0.21693256689967833,9594543958422.941,0.48470596309792524,0.11363636363636365,Medium
10684418,"Chen, Walters and Booth",Libya,121881017242.45251,10603648500000.414,74,87,0.23975122419672393,10603648500088.57,0.4840805653677672,0.14942528735632188,Medium
676750,Dawson-Benson,Germany,109414778018.32379,9518998187500.143,77,87,0.21522700121373,9519085687590.402,0.48315993192984186,0.11494252873563215,Medium
78820931,Lopez Group,Iran,135439604167.72243,11376839250000.525,69,84,0.25723326623632026,11376926750082.908,0.48291212151125235,0.1785714285714286,Medium
91723828,Woods-Simpson,Cuba,106253874543.20482,9669040083333.494,80,91,0.21861948713089727,9669102583428.2,0.48282055975328647,0.1208791208791209,Medium
28564478,"Shepard, Valenzuela and Oconnor",Liberia,111823552420.46873,10399502875000.66,79,93,0.2351354390254129,10399590375098.87,0.4808669478463726,0.15053763440860213,Medium
27664869,Austin-Pope,Germany,92393922555.49486,8500153375000.183,84,92,0.1921906575379341,8500240875102.738,0.4805325337316688,0.08695652173913049,Medium
46912368,"Martinez, Martin and Armstrong",Russia,104909123264.9311,10071238333333.717,82,96,0.22771329317391442,10071275833428.455,0.4782949302388245,0.14583333333333337,Medium
14631909,"Gutierrez, Ray and Fields",Syria,111804515061.32,9279749750000.633,73,83,0.20981753240894468,9279774750085.69,0.4776979270238169,0.12048192771084343,Medium
28060960,"Jenkins, Thomas and Phillips",Russia,108090509364.38507,9619867833333.404,77,89,0.21750768989110492,9620055333426.002,0.4765736762549999,0.1348314606741573,Medium
44836584,"Douglas, Jackson and Hernandez",Yemen,128133929862.20142,11532041187500.135,72,90,0.26074242202484277,11532053687592.053,0.47644550731224705,0.19999999999999996,Medium
52039907,"Kirby, Smith and White",Japan,114444197803.22276,10414309500000.31,76,91,0.2354702206309978,10414422000087.926,0.47534903066575573,0.1648351648351648,Medium
45495053,Smith and Sons,Australia,112490694603.33871,9899143625000.1,75,88,0.22382218748507898,9899181125089.893,0.4752026919476945,0.1477272727272727,Medium
9649275,Rivera-James,Venezuela,94922439539.0949,8732764437500.064,82,92,0.19745005358412002,8732864437593.3955,0.4749926310474414,0.10869565217391308,Medium
46539690,Stokes LLC,United Kingdom,141288262958.38092,11585575062500.52,65,82,0.26195283672949243,11585637562581.41,0.4742453787978623,0.20731707317073167,Medium
50272392,Johnson-Hamilton,Liberia,103869491478.36256,9140465250000.162,77,88,0.20666827398277748,9140515250091.707,0.4740013698670186,0.125,Medium
10098561,Coleman Ltd,North Korea,119123970931.34332,10244536500000.373,72,86,0.23163160936568342,10244661500090.562,0.47386376469003566,0.16279069767441856,Medium
87729317,"Jackson, Jenkins and Ramirez",Iran,107355769022.74739,9876668250000.592,78,92,0.22331401346644641,9876730750088.195,0.473119357627361,0.15217391304347827,Medium
29503752,Lee-Lara,Brazil,134149131098.64691,11000103750000.545,66,82,0.2487151795302816,11000228750083.654,0.47118140150804205,0.19512195121951215,Medium
53131739,"Parker, Powell and Moreno",United States,96073644664.022,8550466875000.521,79,89,0.19332825873423015,8550554375094.115,0.4710538826630832,0.1123595505617978,Medium
27642846,Mullins-Davis,South Africa,105528321558.99597,9708468083333.775,78,92,0.21951096436797238,9708605583422.305,0.47083820733551174,0.15217391304347827,Medium
32048368,King-Richard,India,111079435268.94504,9330660062500.443,72,84,0.21096862768959895,9330672562586.943,0.46943838482221223,0.1428571428571429,Medium
81201385,"Webb, Burke and Ross",France,109376911173.21182,9953261416666.97,76,91,0.22504580469598098,9953298916756.682,0.4690937051544143,0.1648351648351648,Medium
87383257,Rogers Ltd,Somalia,106908885092.19073,10263127968750.428,79,96,0.23205196726348062,10263252968844.154,0.4683989250701357,0.17708333333333337,Medium
77374739,"Wood, Jimenez and Aguilar",Germany,106783103724.4332,10037486750000.6,78,94,0.2269501611799887,10037611750090.846,0.46808606952389875,0.17021276595744683,Medium
89483415,Elliott-Gonzales,Brazil,123909008439.94121,9788811666667.049,66,79,0.22132755348449232,9788811666750.654,0.46697369723844145,0.16455696202531644,Medium
11372822,"Williams, Castillo and Underwood",India,95257695885.20119,7811006062500.128,74,82,0.17660885927069017,7811131062583.854,0.46694201589966994,0.09756097560975607,Medium
71810109,"Vasquez, Watson and Rodriguez",Brazil,96187129214.57286,8560579500000.438,78,89,0.19355690779059714,8560654500093.197,0.46669657697150146,0.1235955056179775,Medium
31817747,"Patel, Goodman and Williams",United Kingdom,102127065762.05031,9395665050000.78,78,92,0.2124384072029521,9395690050103.47,0.46659365717473866,0.15217391304347827,Medium
97530595,Bishop Inc,South Africa,91796630320.20721,8628733250000.489,82,94,0.19509788163522326,8628883250094.775,0.4659962116971736,0.12765957446808507,Medium
32726112,Santana-Gibbs,North Korea,107760690477.27176,9051773000000.184,72,84,0.20466291936221873,9051898000086.492,0.46565597871254094,0.1428571428571429,Medium
45726135,Montgomery-Jackson,North Korea,90636326868.8606,7885285437500.0625,78,87,0.17828833507458927,7885360437587.792,0.46559432869648887,0.10344827586206895,Medium
69609215,"Jones, Moore and Heath",Syria,92297854740.08272,8399017281250.573,80,91,0.1899039444045308,8399104781343.76,0.4655914667125793,0.1208791208791209,Medium
63100432,Ellis PLC,Sudan,90670577475.03209,8704312937500.196,83,96,0.19680675783971646,8704375437598.235,0.46391790879551925,0.13541666666666663,Medium
56563989,Arnold Group,United States,105077052885.61197,9561936812500.459,76,91,0.21619785458642993,9562011812585.75,0.46378527624286653,0.1648351648351648,Medium
94232303,Ellis and Sons,Canada,88372352778.8926,7953436750000.638,80,90,0.17982925380672432,7953511750096.862,0.46345374548782303,0.11111111111111116,Medium
5701415,Morgan Ltd,Venezuela,79790067155.3392,7500253812500.149,85,94,0.16958267084513284,7500266312599.189,0.46345180487557774,0.0957446808510638,Medium
94671786,"Velazquez, Mann and Ruiz",Cuba,113916979167.6416,9568838750000.414,70,84,0.2163539091713158,9569026250076.826,0.4631473256868499,0.16666666666666663,Medium
38354124,Parker PLC,India,126888368628.47746,10785411333333.635,67,85,0.24386092868241138,10785511333414.738,0.4616115241292791,0.21176470588235297,Medium
11979414,"Watts, Murphy and Watson",Liberia,71795440722.65504,6964095250000.075,89,97,0.15745998762690436,6964157750094.69,0.4614868315092516,0.08247422680412375,Medium
9290806,Mcdaniel-Price,Liberia,96080909639.63495,7974665500000.538,73,83,0.18030924131297202,7974715500086.543,0.45999318514061127,0.12048192771084343,Medium
9476641,White Group,United States,79304115871.8622,7058053812500.077,81,89,0.1595844149297463,7058066312592.834,0.4597956697475776,0.0898876404494382,Medium
76885651,"White, Blair and Warren",Canada,86846098112.1726,7468726937500.399,77,86,0.1688698400797329,7468764437643.074,0.45946173990450057,0.10465116279069764,Medium
65254170,Meyer Inc,South Africa,100319779570.95331,9329652000000.156,77,93,0.21094583513677995,9329739500092.717,0.4577510404448559,0.17204301075268813,Medium
80058010,Adams-Oconnor,Afghanistan,117434482143.88327,9864471500000.072,68,84,0.2230382418069232,9864496500080.396,0.4576326445671768,0.19047619047619047,Medium
10853955,Torres LLC,Sudan,86648630883.40805,7364946125000.161,76,85,0.1665233291740704,7365133625086.803,0.45756271444564833,0.10588235294117643,Medium
25854269,"Cox, Sparks and Diaz",Yemen,94261695139.95532,8483365062500.293,77,90,0.1918110694674652,8483552562591.024,0.4573105163027742,0.1444444444444445,Medium
61616742,Rios-Chandler,Australia,99766044643.94028,8380222750000.398,72,84,0.1894789952112948,8380347750087.164,0.45654562765512563,0.1428571428571429,Medium
29060906,"Kemp, King and Salazar",Russia,92348903410.1658,8126528500000.671,76,88,0.18374290286448589,8126703500090.091,0.45570182834631273,0.13636363636363635,Medium
23326166,Smith-Lamb,United Kingdom,98557417115.77403,9165764791667.104,77,93,0.20724030313729586,9165839791761.52,0.45552760903179096,0.17204301075268813,Medium
43155034,"Johnson, Bradley and Estrada",Germany,114799529070.71797,9872622000000.38,69,86,0.22322252671158496,9872759500076.12,0.4548649416778981,0.19767441860465118,Medium
34488661,Coleman-Johnson,Palestinian Territory,103010115278.75952,9270835375000.514,74,90,0.20961597609375496,9270910375082.795,0.4546591054583734,0.1777777777777778,Medium
43744048,Perez Inc,Libya,91447157353.99796,7772945875000.121,74,85,0.1757483086266092,7773008375085.5,0.45368480481323836,0.12941176470588234,Medium
70255289,"Mendoza, Mccoy and Johnston",Panama,84645805060.58159,7110160125000.137,75,84,0.16076255207850842,7110247625085.847,0.45360114340036783,0.1071428571428571,Medium
11862728,Curtis Ltd,Libya,105210686554.06293,9258415416667.143,72,88,0.20933515763632513,9258540416751.635,0.45287490503616445,0.18181818181818177,Medium
29236125,"Wells, Carr and Kaufman",Canada,95440418422.05226,9066764750000.371,78,95,0.20500188669175592,9066839750088.846,0.45142281660318073,0.17894736842105263,Medium
11284083,Lee PLC,Brazil,80536700521.84966,7731335750000.471,83,96,0.17480749298115994,7731523250093.0625,0.45071948536668327,0.13541666666666663,Medium
35636233,Thomas-Hunt,Liberia,100747216293.19542,8966389750000.566,73,89,0.20273238208410146,8966502250089.25,0.4497302885142753,0.1797752808988764,Medium
67665640,Bishop-Williams,India,91799222613.36157,8170068312500.157,75,89,0.18472734924141426,8170130812583.981,0.44791558471966303,0.1573033707865169,Medium
43568748,Martinez-Stokes,South Africa,91136642531.56476,7473179687500.443,71,82,0.16897051790430925,7473204687584.454,0.44772396205564124,0.13414634146341464,Medium
14781347,Jones LLC,Australia,106298355719.16261,9992020437500.283,73,94,0.22592215614175482,9992045437593.408,0.4461917665789457,0.22340425531914898,Medium
76690407,Richardson and Sons,Brazil,84761280393.24265,7204696333333.536,74,85,0.16290004010245115,7204708833421.667,0.4459753943989073,0.12941176470588234,Medium
87120068,"Reilly, Berry and Taylor",Japan,86474706396.43102,7436662250000.363,74,86,0.16814484923515532,7436824750088.248,0.44507438770132973,0.13953488372093026,Medium
99747742,Lee-Moss,Cuba,79595069129.97679,7004291083333.405,77,88,0.15836882577344166,7004366083434.31,0.4450219379646132,0.125,Medium
38077191,Harris-Waller,North Korea,87936834559.88153,7474468437500.211,73,85,0.16899965687379961,7474630937585.867,0.4449306373442993,0.14117647058823535,Medium
85730976,Gutierrez-Rasmussen,Russia,76687546696.44139,6671654062500.107,77,87,0.15084781704159514,6671816562586.844,0.444533114290218,0.11494252873563215,Medium
2091518,"Gonzalez, Novak and Burke",Iran,71667278226.87415,6664981875000.0625,82,93,0.15069695716339324,6665056875095.574,0.4431069905761807,0.11827956989247312,Medium
31953388,Tucker-Anderson,Japan,67140418219.138504,6311124312500.066,84,94,0.14269614651782728,6311199312595.708,0.4430651424654793,0.1063829787234043,Medium
71808764,"Perry, Henderson and Weaver",Canada,91844517858.17555,7714827000000.456,71,84,0.17443422589083146,7714939500081.362,0.4427567516513373,0.15476190476190477,Medium
14203659,Lewis Ltd,Panama,96890056251.00783,8720067562500.336,73,90,0.19716297396952723,8720105062584.666,0.4427425234014029,0.18888888888888888,Medium
28037637,"West, Hill and Dixon",United Kingdom,84348403503.8621,7675629718750.644,77,91,0.17354796526414004,7675704718846.723,0.442590956688474,0.15384615384615385,Medium
78909961,Morales LLC,India,80027076924.17194,7282376500000.399,78,91,0.16465640868201933,7282464000094.961,0.4416517421964264,0.1428571428571429,Medium
14790241,Knight-Gonzalez,Russia,64205821630.29074,5714218125000.49,81,89,0.12919994384913103,5714318125092.74,0.4415657853278011,0.0898876404494382,Medium
72181552,"Jacobs, Bruce and Gutierrez",France,62819691667.76246,5653659750000.6455,82,90,0.1278307033899083,5653772250095.787,0.4411438550373273,0.0888888888888889,Medium
24766254,"Zuniga, Joyce and Haas",Brazil,100961125479.99437,8783542916666.856,70,87,0.1985981680791531,8783617916753.505,0.4409986147116955,0.1954022988505747,Medium
90215598,"Lucas, Horn and Marks",France,91279429925.317,8032552333333.632,73,88,0.1816180775268922,8032589833423.168,0.44078932642435825,0.17045454545454541,Medium
21602442,"Gutierrez, Mason and Gonzalez",United Kingdom,73034139260.24924,6572922533333.969,79,90,0.1486154717328653,6573072533418.992,0.440281717163845,0.12222222222222223,Medium
1324596,Rodriguez Group,South Africa,80737617022.34984,7589161000000.368,79,94,0.1715928852579422,7589336000095.708,0.43912748784101074,0.15957446808510634,Medium
67911425,Morris-Turner,Germany,74251832214.29227,6905395395833.491,80,93,0.1561327688024962,6905420395924.535,0.43776587358801633,0.13978494623655913,Medium
90017658,Harrington Inc,Palestinian Territory,80104075758.60744,7049021166666.978,75,88,0.15938018448055508,7049158666752.733,0.4365384091252844,0.1477272727272727,Medium
66497282,Thompson PLC,Japan,92588143383.44281,7869954687500.487,70,85,0.17794170286773595,7869992187587.659,0.436177085347784,0.17647058823529416,Medium
10636686,Pollard-Washington,United Kingdom,87626397591.4262,7272928500000.367,70,83,0.16444278696811412,7272991000083.841,0.4360155978470539,0.15662650602409633,Medium
80475335,Stuart and Sons,United States,70411440132.59332,6688961812500.3,82,95,0.15123914972775848,6689086812591.521,0.4360077440487923,0.13684210526315788,Medium
61738550,Zhang-Ross,Cuba,102506157739.17517,8610367250000.438,67,84,0.19468262164394678,8610517250085.242,0.4358585046310666,0.20238095238095233,Medium
8224626,Black Inc,Australia,68337014786.01061,6355267375000.449,81,93,0.14369423253267952,6355342375094.547,0.43460428211226143,0.12903225806451613,Medium
28135575,Burns-Reed,France,57823994624.77034,5377569000000.708,84,93,0.12158822040851994,5377631500100.418,0.43424379259128554,0.09677419354838712,Medium
99256052,"Wallace, Ruiz and Bass",France,79488931035.57556,6915462000000.075,74,87,0.1563603773159661,6915537000090.119,0.43404675440161766,0.14942528735632188,Medium
39762235,Tran Inc,Syria,56966607408.51969,5126882166666.825,82,90,0.11592012652726802,5126994666764.03,0.4339975116127821,0.0888888888888889,Medium
83165880,Quinn PLC,Canada,68229631299.51692,5867660791666.962,76,86,0.1326693220709096,5867748291755.281,0.4330907266979694,0.11627906976744184,Medium
52023154,"Dalton, Allen and Woodard",Yemen,58529162775.80324,5326078812500.202,82,91,0.12042401400471801,5326153812595.109,0.43269461992233127,0.09890109890109888,Medium
87347955,Hopkins-Taylor,South Africa,65612533245.76533,6167528125000.071,82,94,0.13944939972655965,6167578125098.565,0.432606230724524,0.12765957446808507,Medium
13566895,Hernandez LLC,Brazil,74308584771.27963,6464759375000.56,75,87,0.14616987485897628,6464846875097.225,0.43253026943223905,0.13793103448275867,Medium
30434458,Walker LLC,Germany,76732102984.0493,6752287562500.507,75,88,0.1526709612486444,6752425062592.091,0.432512876703168,0.1477272727272727,Medium
3279896,Ferguson Ltd,United States,89566296704.35483,8150433000000.29,73,91,0.18428338976752864,8150533000089.762,0.43145001748316353,0.19780219780219777,Medium
5283791,Walker-Ferguson,Somalia,74182385768.9193,6602219833333.631,76,89,0.1492778912331512,6602232333428.702,0.4311398477476206,0.1460674157303371,Medium
96797362,Greene PLC,Liberia,54385415278.8243,4894599875000.158,82,90,0.11066816407431593,4894687375091.675,0.43084610922599703,0.0888888888888889,Medium
69283774,Lucas Inc,Somalia,78393205129.27917,7133706666666.83,76,91,0.1612949454514299,7133781666759.596,0.43084354317566137,0.1648351648351648,Medium
28824720,Cortez and Sons,Libya,74660446200.69316,6794038104167.042,77,91,0.15361495175110473,6794100604257.715,0.4306310400362993,0.15384615384615385,Medium
21695023,"Martinez, Stephens and Knight",Canada,86752304862.23354,7807632437500.16,73,90,0.1765325807403595,7807707437594.652,0.430364631282266,0.18888888888888888,Medium
54501599,Miller-Ray,Palestinian Territory,86337958571.12184,7597715354166.966,72,88,0.17178630140934084,7597740354253.744,0.4303446953801206,0.18181818181818177,Medium
11810403,"May, Santiago and Hansen",France,86651023344.44205,7191909937500.218,69,83,0.16261093639874938,7192034937583.627,0.43009777606730887,0.1686746987951807,Medium
67313627,Olson-Myers,France,66440669035.13763,5846691375000.151,77,88,0.13219519815813008,5846778875088.289,0.4293178803644777,0.125,Medium
19601372,"Bush, Stokes and Rivera",South Africa,74234973149.25711,6681047583333.724,76,90,0.15106020696751327,6681147583428.321,0.4284147722137278,0.15555555555555556,Medium
88544372,Hansen PLC,Germany,81499192362.22139,7334777312500.502,74,90,0.16584120455164875,7334927312594.253,0.4283949307381773,0.1777777777777778,Medium
66614226,Phelps LLC,Japan,73988307871.43622,6658935208333.471,76,90,0.15056024047237648,6658947708424.304,0.4281140010710867,0.15555555555555556,Medium
24545031,"Miranda, Mann and Gonzales",United Kingdom,68924047586.51575,6065291187500.073,76,88,0.13713779623237107,6065316187609.238,0.4277374182900996,0.13636363636363635,Medium
49478326,Harding-White,United Kingdom,72302694603.33617,6362587125000.121,75,88,0.14385973396581692,6362637125089.052,0.42722535096712577,0.1477272727272727,Medium
23269899,Fisher Inc,Syria,61741643370.31127,5741947833333.818,81,93,0.12982691969801297,5741972833434.57,0.4262834453420698,0.12903225806451613,Medium
62181645,Lawson LLC,Afghanistan,69770242978.59795,6209389125000.317,76,89,0.14039588772040043,6209551625090.501,0.42581200426286575,0.1460674157303371,Medium
60450818,"Williams, Waters and Neal",France,70104079788.33885,6589733500000.486,79,94,0.1489955720198776,6589783500098.795,0.42556797449528383,0.15957446808510634,Medium
50459805,Ford Group,Afghanistan,66376006428.38793,6239319604166.754,80,94,0.14107262356476072,6239344604264.048,0.4250693002600969,0.14893617021276595,Medium
89124263,Cook-Thompson,Brazil,100856281251.1621,8875252750000.455,67,88,0.2006717510362463,8875352750095.047,0.42494936420531204,0.23863636363636365,Medium
86215741,Cox-Taylor,Libya,62488242188.56909,5498815312500.45,77,88,0.12432963076846827,5498965312590.224,0.4245991069652467,0.125,Medium
53206435,Shaffer PLC,Brazil,66236789063.601776,5828737437500.362,76,88,0.13178925500613614,5828837437592.47,0.4245289730708719,0.13636363636363635,Medium
39192300,Diaz-Gallegos,Yemen,70392321528.90779,6335271437500.418,76,90,0.14324211923463936,6335308937596.899,0.42372335608559497,0.15555555555555556,Medium
35808572,"Edwards, Clark and Lee",United States,81683486414.10344,7514705750000.401,74,92,0.16990943287498508,7514880750090.505,0.4236863344606484,0.19565217391304346,Medium
70027792,Anthony-Rice,South Africa,75635968751.07529,7261028000000.159,78,96,0.1641737135974151,7261053000096.734,0.4235044171415574,0.1875,Medium
81109985,"Williams, Baker and Rodriguez",Canada,56687255682.87702,4988428500000.448,78,88,0.11278965345681612,4988478500089.435,0.42221967332313626,0.11363636363636365,Medium
75372116,Kennedy Inc,Cuba,77859216518.91228,6540086687500.067,70,84,0.14787304479970048,6540174187583.18,0.42205791813789545,0.16666666666666663,Medium
85688820,Wolfe Inc,Palestinian Territory,60477329123.38634,5684781437500.102,81,94,0.128534372761546,5684868937593.784,0.4218022370181318,0.13829787234042556,Medium
19554395,Miller Ltd,Sudan,76415208334.5127,6648110625000.464,72,87,0.15031549385469034,6648123125097.353,0.42122385813671065,0.1724137931034483,Medium
29885427,"Haney, Evans and Berry",Panama,66030698582.61693,6206848166667.056,79,94,0.1403384359979077,6206885666760.932,0.42037358178824435,0.15957446808510634,Medium
4863300,Duffy Ltd,Somalia,74828239352.83975,6734491541666.829,74,90,0.15226858863315224,6734541541749.198,0.42025045984599607,0.1777777777777778,Medium
4532266,Smith and Sons,Australia,70735550562.91583,6295426500000.0625,74,89,0.14234121493328009,6295464000094.595,0.41798930559360276,0.1685393258426966,Medium
58800784,"Stephens, Frazier and Griffin",Cuba,63051613765.12929,5611543625000.501,76,89,0.12687844695409692,5611593625091.611,0.41770052539841224,0.1460674157303371,Medium
78004206,Walker-Cruz,United Kingdom,47033839584.37322,4232870562500.3193,81,90,0.0957062938502429,4233045562590.41,0.4174253373885927,0.09999999999999998,Medium
37969558,Johnson-Pennington,Palestinian Territory,66546025282.01155,5922471250000.38,75,89,0.13390860065358046,5922596250094.488,0.41742491231346174,0.1573033707865169,Medium
38073490,Spears-Morris,Brazil,55784085527.42779,5299350625000.21,82,95,0.11981968279988013,5299488125100.847,0.4171561840474187,0.13684210526315788,Medium
98245910,"Barton, Rose and Kirby",South Africa,45493826868.92586,3957825437500.3086,79,87,0.08948745271946693,3957962937593.6807,0.41691208576718236,0.09195402298850575,Medium
50121692,Mcclain Inc,Venezuela,54852688204.15921,4881776750000.587,78,89,0.11037822991470335,4881889250166.278,0.41678972820726823,0.1235955056179775,Medium
86173020,Horton PLC,Syria,54470196630.22984,4847735000000.372,78,89,0.10960853717768458,4847847500086.454,0.416327912738367,0.1235955056179775,Medium
60754015,Mclaughlin-Williams,Canada,55780784341.73203,5076026375000.1455,79,91,0.11477026397669596,5076051375093.696,0.4161151057921273,0.13186813186813184,Medium
10990316,Moon Group,United States,70814917648.07523,6019105500000.627,71,85,0.13609352594008828,6019268000081.379,0.41577520151832964,0.16470588235294115,Medium
40598782,"Foster, Cowan and Cook",Liberia,47979425138.39329,4366102687500.1987,81,91,0.09871870651849107,4366127687590.116,0.4152753837376899,0.10989010989010994,Medium
28059009,"Woodard, Roth and Vazquez",Syria,75942591347.18723,6910713312500.233,73,91,0.1562530082682827,6910775812587.717,0.41463145576768645,0.19780219780219777,Medium
96623279,Riddle-Brown,Cuba,50471586997.47169,4592876916666.917,80,91,0.10384613025938431,4592914416765.693,0.4139563454785985,0.1208791208791209,Medium
26891763,"Estrada, Kim and Carter",Japan,52890605300.04107,4865898187500.135,80,92,0.11001921152608292,4865935687599.333,0.41383792815103765,0.13043478260869568,Medium
60739170,"Gomez, Gonzales and Watkins",United Kingdom,48643543774.53138,4329237895833.4893,79,89,0.09788518408214754,4329275395929.969,0.41378760724695435,0.1123595505617978,Medium
25170993,"Lee, Pittman and Howell",Yemen,51061288889.94541,4595478500000.179,79,90,0.10390495272874467,4595516000090.776,0.41345439840960024,0.12222222222222223,Medium
12910608,"Reynolds, Molina and Oliver",India,72988920986.8037,5984991520833.485,68,82,0.13532220008299828,5985091520913.33,0.41290151093669314,0.1707317073170732,Medium
67017515,Mcfarland Group,Australia,60258303686.99135,5483455635417.195,77,91,0.12398234451280103,5483505635510.761,0.41285136934214844,0.15384615384615385,Medium
38125404,Atkinson-Love,Brazil,56713341313.09091,5330991583333.8125,80,94,0.12053509301884754,5331054083425.558,0.41274712572977407,0.14893617021276595,Medium
68763991,Hernandez-Edwards,Panama,61103922481.68345,5254799833333.794,73,86,0.11881237792354855,5254937333420.454,0.4108235271754417,0.15116279069767447,Medium
72321641,Ruiz-Hudson,Germany,49994656251.075584,4399292250000.717,77,88,0.09946913107660922,4399529750090.256,0.4096836041297384,0.125,Medium
42380255,"Velez, Sanders and Fry",Australia,71576807006.65677,6513426937500.138,73,91,0.14727026098436924,6513489437599.135,0.40924180942847105,0.19780219780219777,Medium
51066811,"Weaver, Herrera and Gonzales",Liberia,66616680616.99126,6128622116667.352,75,92,0.13856972485555868,6128734616756.796,0.4092297775658328,0.18478260869565222,Medium
5989819,Murphy-Powers,Cuba,46773462210.36178,4022367750000.438,76,86,0.09094677103187543,4022517750087.543,0.40805777076426386,0.11627906976744184,Medium
10408726,"Mitchell, Nguyen and Fernandez",United States,55329483232.91111,4536980125000.196,71,82,0.10258228940019656,4537017625094.947,0.4078911530150905,0.13414634146341464,Medium
59954761,"Estes, Salazar and Walker",Japan,38989266667.73848,3508971500000.37,81,90,0.07933874956308393,3509034000092.738,0.40760379705605587,0.09999999999999998,Medium
88261867,Mcfarland PLC,Brazil,53938878634.86533,4638543562500.4,74,86,0.1048786648858891,4638743562594.036,0.4071150305501856,0.13953488372093026,Medium
88294146,Meza and Sons,Japan,52772656610.231514,4591121125000.376,75,87,0.10380643135749337,4591221125085.492,0.407112325960982,0.13793103448275867,Medium
93500935,Moran-Grant,Germany,45602703704.81508,4104180833333.674,79,90,0.09279658592195322,4104243333430.293,0.40678960693966615,0.12222222222222223,Medium
62730193,Brooks and Sons,United States,50751490080.43612,4263050166667.05,73,84,0.09638866247503708,4263125166752.4805,0.4054529016183957,0.13095238095238093,Medium
8292171,Sosa-Downs,United Kingdom,75278335852.6971,6850316062500.46,71,91,0.15488741088681907,6850328562588.665,0.40502043665147536,0.21978021978021978,Medium
51097336,Martinez PLC,France,59644436821.760574,5487238187500.116,76,92,0.1240678689898212,5487288187595.732,0.40487592815619894,0.17391304347826086,Medium
84400399,Anderson Group,Yemen,47589290698.81059,4092591500000.386,75,86,0.09253454810975306,4092679000093.9214,0.40435870860522855,0.12790697674418605,Medium
33261766,"Guerrero, Ward and Glass",Canada,43532845931.37678,3743762250000.5396,76,86,0.08464742890516183,3743824750094.12,0.4042773755540271,0.11627906976744184,Medium
12986527,Patterson-Day,Germany,59353117188.553314,5697774250000.477,78,96,0.12882814359926506,5697899250094.641,0.40229798754418766,0.1875,Medium
56223244,"Black, West and Jones",South Africa,46485238065.35306,4462557854167.001,82,96,0.10089958268469594,4462582854268.684,0.4022066195671266,0.14583333333333337,Medium
17302641,Jones-Lee,India,40140536898.733826,3331639562500.3613,74,83,0.07532922877363091,3331664562591.8984,0.4018242523593662,0.10843373493975905,Medium
22764880,Gamble-Rowe,France,28767720307.56761,2502691666666.821,80,87,0.056586503303111775,2502791666755.8823,0.40176888555209533,0.08045977011494254,Medium
36318442,"Sloan, Walker and Mccarty",United Kingdom,51494009340.19538,4479928812500.188,74,87,0.10129234452755143,4479978812592.744,0.40100572107720556,0.14942528735632188,Medium
97450615,Golden and Sons,Brazil,65433510671.7821,5365347875000.145,67,82,0.12131189762396648,5365547875080.961,0.3996181882583635,0.18292682926829273,Medium
29724018,"Lee, Wiggins and Hamilton",France,51876192308.78102,4720658500000.531,76,91,0.1067353047764412,4720733500093.382,0.3981077711067821,0.1648351648351648,Medium
68628396,"Little, Coleman and Peterson",India,56303837054.71291,4729522312500.302,70,84,0.10693571786047262,4729522312591.015,0.39749473987192196,0.16666666666666663,Medium
96161691,"Davis, Bishop and Higgins",Liberia,42909657609.77674,3947563500000.4155,79,92,0.08925542766901098,3947688500095.0957,0.3970326278031256,0.14130434782608692,Medium
93835691,Park-Alvarado,Afghanistan,37459907408.47494,3371329166666.8247,79,90,0.07622662094829537,3371391666758.914,0.39684763170195375,0.12222222222222223,Medium
60275900,Watson-Anthony,Australia,37871855883.444046,3219070250000.6025,75,85,0.07278400761896893,3219107750089.296,0.39661190373974214,0.11764705882352944,Medium
14446228,Simpson Group,Canada,51470994792.7579,4941128000000.395,79,96,0.11172017696670711,4941215500098.143,0.3961995389458467,0.17708333333333337,Medium
67591428,"Hensley, Brown and Walker",Sudan,46867602012.6064,4077431375000.2173,74,87,0.09219177377809112,4077481375091.7163,0.3955453806851886,0.14942528735632188,Medium
73031154,"Howard, Williams and Hayden",Australia,47737843496.91724,3914328166666.961,70,82,0.08850396822056911,3914503166742.557,0.39456735827327305,0.14634146341463417,Medium
17249166,Simpson and Sons,Yemen,46283557229.91403,3841372750000.4473,71,83,0.08685442745565426,3841535250078.424,0.3942827812007369,0.14457831325301207,Medium
97949368,"Martinez, Moss and Adams",South Africa,37596868223.96198,3120477562500.444,73,83,0.07055480155607395,3120540062584.79,0.39414065915351926,0.12048192771084343,Medium
62588043,"Duran, Olsen and Thomas",Somalia,33292291280.189873,2863024550000.7754,76,86,0.0647337226208445,2863137050092.7773,0.39232960849087306,0.11627906976744184,Medium
95926236,Morgan Inc,South Africa,39763755495.60443,3618414250000.3647,78,91,0.08181327833419075,3618501750095.4785,0.39194588271883685,0.1428571428571429,Medium
35541340,Obrien-Beltran,Liberia,52171456522.82604,4799711500000.412,75,92,0.10852271347132526,4799774000093.925,0.3912011253241604,0.18478260869565222,Medium
1481488,Lee Group,Cuba,45208320395.80184,4294690437500.254,79,95,0.09710405714944338,4294790437594.6055,0.3908948956921362,0.16842105263157892,Medium
28011777,"Harrison, Jackson and Long",South Africa,27500530571.76979,2529936312500.1147,82,92,0.057202511763910724,2530048812599.1533,0.39084425071701934,0.10869565217391308,Medium
4545561,Simmons-Garrett,Australia,49901303764.54606,4640696250000.424,76,93,0.10492733770481963,4640821250096.351,0.3898392298416943,0.18279569892473113,Medium
86306672,Watson PLC,Brazil,46215006098.76998,3789543000000.3936,69,82,0.08568254345626268,3789630500094.3535,0.3879956639137318,0.1585365853658537,Medium
65918887,Raymond-Brown,Canada,13735660920.60156,1194827500000.4207,80,87,0.027015357575178093,1195002500089.5967,0.3840268831088138,0.08045977011494254,Medium
20862817,"Blevins, Chase and Waller",Liberia,37615097562.00263,3084288000000.498,70,82,0.06973654622513711,3084438000080.0796,0.38330668321697703,0.14634146341463417,Medium
60124437,Hernandez-Robertson,Germany,43078201463.81877,4049250937500.3784,77,94,0.09155460682664178,4049350937592.5503,0.3825932222739011,0.18085106382978722,Medium
19039063,"Wood, Rodriguez and Montgomery",South Africa,59717854389.27226,5613365812500.369,72,94,0.12691964708288367,5613478312584.122,0.3825357557379621,0.23404255319148937,Medium
14311397,Martinez-Martin,Australia,40008721065.93892,3600759895833.6196,75,90,0.08141410883853277,3600784895929.0625,0.38218200633176835,0.16666666666666663,Medium
13346606,Velez-Barton,Australia,39642500695.526436,3567762562500.5107,75,90,0.08066803063141001,3567825062591.6685,0.3817346987298191,0.16666666666666663,Medium
17048536,Savage and Sons,United Kingdom,11901594430.778048,1094834187500.4347,84,92,0.024754483020221252,1094946687628.2981,0.38007109298158476,0.08695652173913049,Medium
45864983,Alexander Ltd,Venezuela,33673798851.68877,2929495500000.5435,74,87,0.06623664792395718,2929620500092.2915,0.37997298934859414,0.14942528735632188,Medium
92313677,"Stevenson, Christian and Bates",Liberia,32684008050.787876,2876142708333.519,75,88,0.0650303275601238,2876192708464.1587,0.3799277249476737,0.1477272727272727,Medium
51226423,"White, Walter and Potts",Japan,40426881869.19276,3678808750000.246,75,91,0.08317881353744838,3678846250091.4663,0.37957793814029445,0.17582417582417587,Medium
65757124,"Foster, Chavez and Morris",France,26764627778.8736,2408679000000.4307,78,90,0.05446085269112999,2408816500094.629,0.3793444095318854,0.1333333333333333,Medium
13361421,Lopez-Melton,Palestinian Territory,31180709822.47127,2619042125000.1787,72,84,0.05921721713913448,2619179625083.5947,0.37838870331563723,0.1428571428571429,Medium
10080127,"Lopez, Buchanan and Mccoy",India,26736607143.978405,2245812500000.5054,73,84,0.05077839917000315,2245875000090.17,0.37808664089681915,0.13095238095238093,Medium
73389137,"Lopez, Byrd and Trujillo",Canada,18317653591.508682,1721796937500.2976,83,94,0.038930272309936564,1721859437598.219,0.3765502092024086,0.11702127659574468,Medium
50940723,Morales-Baker,Panama,54378431548.64213,4567625750000.55,66,84,0.10327519487609084,4567788250079.641,0.3762522775271388,0.2142857142857143,Medium
26889073,Jones LLC,Liberia,27667632023.525124,2462281750000.463,76,89,0.05567282467726459,2462419250088.992,0.3749779594906825,0.1460674157303371,Medium
74205520,Mckee Inc,Japan,27599319523.51942,2456226937500.1973,76,89,0.05553592380685001,2456339437588.617,0.3748955928969383,0.1460674157303371,Medium
17699645,Fox-Fitzgerald,Japan,45332621876.224335,3626609750000.3765,65,80,0.08199858070043826,3626609750092.389,0.37419912988094794,0.1875,Medium
48589267,"Rodriguez, Gallegos and Nash",Yemen,27593807235.663322,2510936458333.6504,77,91,0.0567729201666441,2511036458440.3086,0.3725261821357399,0.15384615384615385,Medium
39775140,Bradshaw Group,Syria,41486017046.473236,3650669500000.5044,71,88,0.08254257784598658,3650769500083.4185,0.37225370518226103,0.19318181818181823,Medium
5281556,Sullivan-Davis,Germany,28156574821.848045,2618473958333.473,78,93,0.059204370744434534,2618561458426.6816,0.37100727138751294,0.16129032258064513,Medium
72287964,Ferrell Group,Japan,3667569278.358157,304295750000.6582,76,83,0.006880205297310186,304408250101.2347,0.37039419932564,0.08433734939759041,Medium
25482898,Gordon and Sons,France,21586619445.55601,1942633250000.62,77,90,0.04392343822533262,1942795750095.839,0.3685777448929639,0.1444444444444445,Medium
80114222,Davis-Phillips,United Kingdom,22396298388.16521,2082793250000.4724,79,93,0.04709249193202387,2082855750094.218,0.36804099600497575,0.15053763440860213,Medium
46638851,"Lopez, Smith and Morris",South Africa,38473387964.021194,3462529916666.755,72,90,0.0782886934000691,3462604916755.996,0.366973876646864,0.19999999999999996,Medium
26184236,Hale PLC,Venezuela,4984797917.921016,448519312500.16644,81,90,0.010141137198935224,448631812609.79626,0.36608569748842573,0.09999999999999998,Medium
13387230,Cohen LLC,Canada,6051411112.226219,544564500000.0735,80,90,0.01231274363056163,544627000096.64307,0.3629437642069351,0.11111111111111116,Medium
8840793,Tapia Inc,Cuba,16807772728.393599,1478984000000.512,75,88,0.033440209241892206,1479084000093.8665,0.36097411330392315,0.1477272727272727,Medium
99526046,Adams-Garrett,Japan,4841546876.257854,425956125000.2776,78,88,0.009630977717047611,426056125107.1571,0.36032494340884735,0.11363636363636365,Medium
2439072,Miles-Li,Japan,3099969102.49658,275809750000.4759,79,89,0.006236129499011957,275897250118.1552,0.3587986474243122,0.1123595505617978,Medium
33446009,Guzman-Coleman,France,12260507903.447716,1066614187500.2682,74,87,0.024116421550447787,1066664187595.0419,0.3547001847406919,0.14942528735632188,Medium
4984957,Hayes-Santiago,Libya,26576267756.73303,2338524062500.478,71,88,0.052874631481604074,2338711562586.381,0.35445373543024733,0.19318181818181823,Medium
42757290,Edwards-Bowers,South Africa,30457118953.443596,2832499562500.308,73,93,0.06404354478990013,2832512062663.0835,0.3524047200698374,0.21505376344086025,Medium
63516223,"Hall, Miller and Schultz",Libya,5714153227.106115,531253750000.47784,80,93,0.012011784144081154,531416250115.3461,0.3512945589428742,0.13978494623655913,Medium
47656119,Porter-Whitehead,India,3066958862.359724,242102250000.56262,68,79,0.005473994240606328,242289750122.35507,0.347589888544494,0.1392405063291139,Medium
68919050,"Dillon, Moore and West",Canada,5569394887.508844,489981750000.11224,75,88,0.011078613591970297,490106750097.0032,0.34755738707248013,0.1477272727272727,Medium
19946179,"Johnson, Huber and Summers",France,3138271740.606351,288646000000.6406,79,92,0.006526360418269095,288721000131.24365,0.34739475395342134,0.14130434782608692,Medium
34613010,Davis PLC,Somalia,23210230338.10189,2065635500000.4526,71,89,0.04670455078450602,2065710500084.689,0.34712452181426434,0.202247191011236,Medium
51238101,"Perry, Anderson and Valentine",Japan,24703824863.684505,2248010562500.1304,72,91,0.05082809792936376,2248048062588.3037,0.3469807029032055,0.20879120879120883,Medium
90410008,"Leon, Carter and Wilson",United Kingdom,17649521740.17498,1623706000000.3726,72,92,0.03671241094380297,1623756000088.3718,0.3350713687320477,0.21739130434782605,Medium
